nct_id,title,overall_status,phase,start_date,enrollment,sponsor_name
NCT06610019,Cardiovascular Multimodality Imaging Study,RECRUITING,,2023-05-01,5000.0,Montefiore Medical Center
NCT04463719,AIM2: Adequate Selection of Patients for Thyroid Biopsy: Evaluation of a Shared Decision Making Conversation Aid,COMPLETED,NA,2022-02-20,107.0,University of Florida
NCT06099119,Efficacy of PERT for PEI in Unresectable Pancreatic Cancer.,RECRUITING,PHASE4,2024-02-20,100.0,Hospital Clinico Universitario de Santiago
NCT02529930,An Exploratory Safety and Immunogenicity Study of HPV16+ Immunotherapy VB10.16 in Women With HSIL; CIN 2/3),COMPLETED,"PHASE1, PHASE2",,34.0,Nykode Therapeutics ASA
NCT04122430,Risk of Venous Thromboembolism in Patients Receiving First-Line Chemotherapy for Disseminated Germ Cell Tumours,COMPLETED,,,1135.0,Walter and Eliza Hall Institute of Medical Research
NCT03215030,A Study of Modakafusp Alfa on Adult Participants With Relapsed/Refractory Multiple Myeloma,TERMINATED,"PHASE1, PHASE2",2017-10-04,272.0,Teva Branded Pharmaceutical Products R&D LLC
NCT06531265,Cryotechnique as a Diagnostic and Therapeutic Tool of Endobronchial Tumors,COMPLETED,NA,2019-07-01,35.0,Sohag University
NCT03902665,Up-front Hematopoietic Stem Cell Transplantation in Acute Myeloid Leukemia Patients Aged 65-75,COMPLETED,PHASE2,2019-03-15,19.0,Fondazione Policlinico Universitario Agostino Gemelli IRCCS
NCT07035067,Multidimensional Burden of Platinum Resistant Ovarian Cancer (PROC) on Patients and Caregivers in Canada,ENROLLING_BY_INVITATION,,2025-07-15,150.0,PeriPharm
NCT02998567,Combination Study of Guadecitabine/ASTX727 and Pembrolizumab,RECRUITING,PHASE1,2017-01-26,60.0,Royal Marsden NHS Foundation Trust
NCT04065100,Sebum Measurement in Newborn to Detect Hyperexposure to Androgens,UNKNOWN,NA,2019-07-08,200.0,Homerton University Hospital NHS Foundation Trust
NCT04747600,Outcomes of Surgical Resection of Pancreatic Cystic Neoplasms Based on the European Expert Consensus Statement: A Prospective Observational Study.,COMPLETED,,2014-06-01,63.0,Zagazig University
NCT02797600,"Community Awareness, Resources and Education (CARE II) Project: Project 1",COMPLETED,,,285.0,Ohio State University Comprehensive Cancer Center
NCT04786600,A Phase II Randomized Therapeutic Optimization Trial for Subjects With Refractory Metastatic Colorectal Cancer Using ctDNA: Rapid 1 Trial,TERMINATED,PHASE2,2022-03-14,6.0,University of Florida
NCT06643000,Evaluating High-dose Furmonertinib with Bevacizumab and Pemetrexed for EGFRm NSCLC with Leptomeningeal Metastasis,RECRUITING,NA,2024-12-20,60.0,Henan Cancer Hospital
NCT06412419,Multimodal Endoscopic Image Fusion for Assessing Infiltration in Superficial Esophageal Squamous Cell Carcinoma,NOT_YET_RECRUITING,,2024-05-15,450.0,Changhai Hospital
NCT02271919,Varenicline and Combined NRT for Smoking Cessation,ACTIVE_NOT_RECRUITING,PHASE4,2015-05-14,631.0,M.D. Anderson Cancer Center
NCT01183728,Treatment of Knee Osteoarthritis With Autologous Mesenchymal Stem Cells,COMPLETED,"PHASE1, PHASE2",,12.0,Red de Terapia Celular
NCT03412565,A Study to Evaluate Subcutaneous Daratumumab in Combination With Standard Multiple Myeloma Treatment Regimens,COMPLETED,PHASE2,2018-04-26,265.0,"Janssen Research & Development, LLC"
NCT02270567,RegisterNET - A Registry for Neuroendocrine Tumors in the USA and Worldwide,ENROLLING_BY_INVITATION,,,400.0,Wren Laboratories LLC
NCT03866967,A Study of Anti-PD-1 AK105 in Patients With Metastatic Nasopharyngeal Carcinoma,COMPLETED,PHASE2,2019-03-27,130.0,Akeso
NCT06086119,Quality of Life and Voice Perception in Patients Laryngoctomized Phonatory Wearers,UNKNOWN,,2021-05-04,31.0,Regina Elena Cancer Institute
NCT00857519,A Study of the Effectiveness of a Local Injection of Chemotherapy for Retinoblastoma,COMPLETED,NA,,10.0,Wills Eye
NCT01866319,Study to Evaluate the Safety and Efficacy of Two Different Dosing Schedules of Pembrolizumab (MK-3475) Compared to Ipilimumab in Participants With Advanced Melanoma (MK-3475-006/KEYNOTE-006),COMPLETED,PHASE3,2013-08-28,834.0,Merck Sharp & Dohme LLC
NCT00006128,Study of Neurobehavioral Outcome in Children or Adolescents With Closed Head Injuries,UNKNOWN,,,374.0,National Center for Research Resources (NCRR)
NCT00882765,Genistein in Treating Patients With Pancreatic Cancer That Can Be Removed by Surgery,WITHDRAWN,PHASE2,,0.0,Jonsson Comprehensive Cancer Center
NCT05400265,"Evaluate the Safety, Tolerability, Pharmacokinetic Characteristics and Preliminary Efficacy of HLX26 and HLX10 in Patients With Advanced/Metastatic Solid Tumor",COMPLETED,PHASE1,2022-07-26,9.0,Shanghai Henlius Biotech
NCT03013712,A Clinical Research of CAR T Cells Targeting EpCAM Positive Cancer,UNKNOWN,"PHASE1, PHASE2",,60.0,First Affiliated Hospital of Chengdu Medical College
NCT04472312,Portal Pressure Effects of Phlebotomy Combined to Vasopressin Use in Cirrhotic Patients Undergoing Liver Transplantation,COMPLETED,,2020-08-24,60.0,Centre hospitalier de l'Université de Montréal (CHUM)
NCT02963467,Effect of Smoking on Ventilation-Perfusion Ratio,UNKNOWN,NA,2018-09-17,20.0,Medical University of Vienna
NCT03634267,MRI-Guided Brachytherapy in Treating Participants With HPV-Associated Stage IB2-IVA Cervical or Stage II-IVA Vaginal Cancer,ACTIVE_NOT_RECRUITING,PHASE1,2018-08-03,26.0,M.D. Anderson Cancer Center
NCT05584267,Immune Treatment of Brain Metastasis of Lung Cancer Combined With Large-segmentation Precision Radiotherapy,RECRUITING,PHASE2,2022-12-25,140.0,Hunan Province Tumor Hospital
NCT06299800,Phenotyping Patients With Type 2 Diabetes Mellitus and Cancer,RECRUITING,,2024-02-04,779.0,Azienda Ospedaliero Universitaria Maggiore della Carita
NCT07300319,The Effects of Chiropractic on Cancer-related Fatigue,SUSPENDED,NA,2026-02-01,40.0,Life University
NCT03420430,Expanded Access to Provide GL-ONC1 for the Treatment of Advanced Cancers With No Standard of Care,NO_LONGER_AVAILABLE,,,,Genelux Corporation
NCT04139928,Bioavailability of Single-dose Magnesium Salts,COMPLETED,NA,2018-08-01,17.0,"Think Healthy Group, Inc."
NCT01735565,Neutrophil Extracellular Trap Formation in Patients Undergoing Bone Marrow Transplant,COMPLETED,,,23.0,University of Utah
NCT03367767,Age-Related Eye Disease Study 2 (AREDS2) 10-year Follow-On,COMPLETED,,2018-05-23,709.0,National Eye Institute (NEI)
NCT02841800,Intra-luminal Radiofrequency Ablation for Inoperable Malignant Biliary Stenosis,COMPLETED,NA,,5.0,National Taiwan University Hospital
NCT06357000,Time From PCI to Cancer Surgery and Cardiovascular and Oncologic Outcomes,COMPLETED,,2008-01-01,3621.0,Samsung Medical Center
NCT03226119,MP Diagnostics HTLV Blot 2.4 Post-Market Clinical Study,COMPLETED,PHASE4,2018-01-15,150.0,"MP Biomedicals, LLC"
NCT03536130,Comparison Between Electronic and Traditional Chest Drainage Systems,UNKNOWN,NA,2017-04-04,382.0,University Hospital Padova
NCT03575767,Characteristics and Dynamics of TCR Repertoire in Patients With Hematological Malignancies After Allo-HSCT,COMPLETED,,2018-05-08,30.0,Affiliated Hospital to Academy of Military Medical Sciences
NCT06242067,Second-line Treatment of Metastatic Colorectal Cancer,RECRUITING,PHASE2,2023-04-23,50.0,Qilu Hospital of Shandong University
NCT02670200,Internet-delivered Psycho-oncological Support,UNKNOWN,NA,2018-04-10,100.0,Neuropsychiatrischen Zentrums Hamburg-Altona
NCT03863028,Development and Validation of a Simulator-based Test in Transurethral Resection of Bladder Tumors,COMPLETED,,2018-03-15,49.0,"Rigshospitalet, Denmark"
NCT00005028,Paclitaxel and Bryostatin 1 in Treating Patients With Metastatic Prostate Cancer,COMPLETED,PHASE2,,46.0,"University of Maryland, Baltimore"
NCT06642428,Effect of Vitamin D Supplementation on the Efficacy and Adverse Effects of Neoadjuvant Therapy in Patients with Breast Cancer,RECRUITING,NA,2024-10-18,140.0,Jiuda Zhao
NCT06276465,Treatment With Darolutamide +/- Radiation Therapy for Patients With a Castration Resistant Cancer and Metastases Detected by Functional Imaging,RECRUITING,PHASE3,2024-10-07,336.0,UNICANCER
NCT00579865,Quality Of Life in Patients With Malignant Biliary Obstruction,COMPLETED,,,124.0,Memorial Sloan Kettering Cancer Center
NCT02600065,Analysis of CMV Infections in Patients With Brain Tumors or Brain Metastases During and After Radio(Chemo)Therapy,COMPLETED,,,350.0,University of Erlangen-Nürnberg Medical School
NCT03883919,Liposomal Irinotecan Plus 5-FU / LV Combined With Paricalcitol in Patients With Advanced Pancreatic Cancer Progressed on Gemcitabine-based Therapy,COMPLETED,PHASE1,2019-07-11,20.0,Washington University School of Medicine
NCT03652519,High-intensity Training and Its Effects on Neuroplasticity,COMPLETED,NA,2018-11-21,72.0,Klinik Valens
NCT06814067,"Phase II Multi-centered Study of Perioperative Ivonescimab Versus Pembrolizumab Combined with Standard of Care (SOC) in Patients with Resectable, Locally Advanced Head and Neck Squamous Cell Carcinoma",NOT_YET_RECRUITING,PHASE2,2025-02-10,80.0,Fudan University
NCT02620800,"Study of 5-fluorouracil (5-FU), Nab®1-paclitaxel, Bevacizumab, Leucovorin, and Oxaliplatin in Patients With Metastatic Pancreatic Cancer",COMPLETED,PHASE1,2016-01-18,12.0,Celgene
NCT05324800,the Efficacy and Safety of Curcuma Longa Extract Mixture on Immune Enhancement,UNKNOWN,NA,2022-02-04,100.0,Chonbuk National University Hospital
NCT00243100,Vorinostat and Gemcitabine in Treating Patients With Metastatic or Unresectable Solid Tumors,COMPLETED,PHASE1,,21.0,National Cancer Institute (NCI)
NCT01075100,Ixabepilone + Carboplatin Metastatic Breast Cancer,COMPLETED,PHASE2,,103.0,US Oncology Research
NCT04345900,Plinabulin vs. Pegfilgrastim in Patients With Solid Tumors Receiving Docetaxel Myelosuppressive Chemotherapy Phase 2,COMPLETED,PHASE2,2017-04-05,55.0,BeyondSpring Pharmaceuticals Inc.
NCT01006252,A Study of Tasisulam-sodium Versus Paclitaxel as Treatment for Metastatic Melanoma,TERMINATED,PHASE3,,336.0,Eli Lilly and Company
NCT00416949,Iodine I 131 in Treating Patients With Thyroid Cancer,TERMINATED,NA,,9.0,Sidney Kimmel Comprehensive Cancer Center at Johns Hopkins
NCT01112449,Influence of Selenium on Prostate Cancer Related Biomarkers,COMPLETED,NA,,130.0,Milton S. Hershey Medical Center
NCT00026338,Gemcitabine With/Out Erlotinib in Unresectable Locally Advanced/Metastatic Pancreatic Cancer,COMPLETED,PHASE3,2001-10-29,569.0,NCIC Clinical Trials Group
NCT01975038,Adaption of the Skin Sun Sensitivity Scale,COMPLETED,,,292.0,Northwestern University
NCT01276938,Exclusive Intraoperative Radiation Therapy for Breast Cancer,COMPLETED,"PHASE2, PHASE3",,40.0,"IRCCS Azienda Ospedaliera Universitaria San Martino - IST Istituto Nazionale per la Ricerca sul Cancro, Genoa, Italy"
NCT03200847,Pembrolizumab and All-Trans Retinoic Acid Combination Treatment of Advanced Melanoma,COMPLETED,"PHASE1, PHASE2",2017-10-31,26.0,"University of Colorado, Denver"
NCT04978649,Intervention for High-normal Blood Pressure in Adults With Type 2 Diabetes-----renal Substudy,WITHDRAWN,PHASE4,2021-09-01,0.0,Guangdong Provincial People's Hospital
NCT00931138,"Treatment of Acute Myeloid Leukemia (AML) in Adults 50 to 70 Years, Study of Two Anthracyclines and the Interest of Maintenance Treatment With Interleukin 2",COMPLETED,PHASE3,,420.0,Acute Leukemia French Association
NCT06083038,Utilizing Continuous Glucose Monitoring to Characterize and Manage Hyperglycemia in Patients Initiating Alpelisib,ACTIVE_NOT_RECRUITING,,2023-10-05,15.0,HealthPartners Institute
NCT07232849,A Trial of HRS-4508 Combined With Other Antitumor Therapies in Subjects With Locally Advanced or Metastatic Non-small Cell Lung Cancer,RECRUITING,PHASE2,2025-12-04,100.0,"Jiangsu HengRui Medicine Co., Ltd."
NCT02431000,Male Fertility and Sperm Cryopreservation,WITHDRAWN,,,0.0,University of Tennessee
NCT01226407,Examine Maximum Tolerated Dose and Pharmacokinetic and Pharmacodynamic Profile,UNKNOWN,PHASE1,,36.0,"CrystalGenomics, Inc."
NCT07022301,Sintilimab Plus Anlotinib as Second or Further-line Therapy for ES-SCLC Who Have Progressed After Anti-PD-1/L1 Therapy,NOT_YET_RECRUITING,PHASE2,,25.0,First Affiliated Hospital of Wannan Medical College
NCT02386267,L-leucine in Diamond Blackfan Anemia Patients,UNKNOWN,PHASE2,,30.0,"Federal Scientific Clinical Centre of Pediatric Hematology, Oncology and Immunology named after Dmitry Rogache"
NCT03327467,Expanded Access Protocol: Umbilical Cord Blood Infusions for Children With Brain Injuries,AVAILABLE,,,,"Joanne Kurtzberg, MD"
NCT03818100,Neo-RT: A Study Investigating Whether Changing the Sequence of Treatments (Starting Radiotherapy Followed by Hormone Therapy Before Surgery) is Feasible,UNKNOWN,,2018-03-26,43.0,CCTU- Cancer Theme
NCT07283900,Ascorbate in Myelodysplastic Syndrome,NOT_YET_RECRUITING,PHASE2,2026-05-01,38.0,Prajwal Dhakal
NCT00400205,"Study of Induction Docetaxel, Cisplatin and 5-Fluorouracil",TERMINATED,PHASE2,,14.0,Emory University
NCT00470405,Pemetrexed and Oxaliplatin in Treating Patients With Metastatic Solid Tumors or Lymphoma,COMPLETED,PHASE1,,25.0,Vanderbilt-Ingram Cancer Center
NCT03872505,"Pre-operAtive Non-Anthracycline Chemotherapy, Durvalumab +/- RAdiation Therapy in Triple Negative Breast Cancer",WITHDRAWN,PHASE2,,0.0,Cedars-Sinai Medical Center
NCT04594005,"CDK4/6 Tumor, Abemaciclib, Paclitaxel",COMPLETED,"PHASE1, PHASE2",2021-02-25,30.0,Yonsei University
NCT04767594,First-line Palbociclib and Endocrine Therapy for Patients With HR+/HER2- Advanced Breast Cancer in the Real-world Setting.,ACTIVE_NOT_RECRUITING,,2020-10-27,1409.0,Pfizer
NCT02258594,"Promoting Respect and Ongoing Safety Through Patient-centeredness, Engagement, Communication and Technology",COMPLETED,NA,,4368.0,Brigham and Women's Hospital
NCT07167056,Artificial Intelligence-Powered Support For Quality Of Life Improvement In Participants With Cancer,RECRUITING,NA,2025-11-17,60.0,Case Comprehensive Cancer Center
NCT05623956,Proteomics in Small Cell Lung Cancer,RECRUITING,,2023-03-01,50.0,Aalborg University Hospital
NCT00460356,Glycoprotein and Glycan in Tissue and Blood Samples of Patients With Stage IB-IVA Cervical Cancer Undergoing Surgery to Remove Pelvic and Abdominal Lymph Nodes,COMPLETED,,2007-04-02,159.0,Gynecologic Oncology Group
NCT06193122,Three-Dimensional Ultrasound and Spectroscopy as Early Indicators of Breast Cancer Response to Neoadjuvant Treatment,NOT_YET_RECRUITING,,,200.0,Sunnybrook Health Sciences Centre
NCT02308722,SBRT Pre-operatively for Pancreatic Cancer,COMPLETED,PHASE1,,12.0,University of Oxford
NCT01805622,Educational Program to Increase Colorectal Cancer Screening: a Cluster Trial,UNKNOWN,NA,,7200.0,Morehouse School of Medicine
NCT05872451,Current Intensity for the Obturator Nerve Block,COMPLETED,NA,2023-07-01,30.0,Chosun University Hospital
NCT03242551,Biomarkers Investigation of Neoadjuvant Chemotherapy for Breast Cancer,UNKNOWN,PHASE2,2017-11-08,120.0,Shenzhen People's Hospital
NCT05787951,Frequency and Risk Factors of Acute Myeloid Leukemia,UNKNOWN,,2023-05-01,200.0,Assiut University
NCT05764551,The Application of Serum DNA Methylation for Patients With HCC,RECRUITING,NA,2023-03-28,100.0,Chiayi Christian Hospital
NCT06127251,"Active You: Walk, Dance, and Tone Your Abs to Reduce Your Risk of Diabetes",COMPLETED,NA,2024-04-11,54.0,Emory University
NCT02607631,A Study of Pembrolizumab for Patients With Thymic Epithelial Tumor,COMPLETED,PHASE2,,33.0,Samsung Medical Center
NCT03339531,Optimized 2D-RT for Prostate Cancer,COMPLETED,NA,2015-02-02,20.0,IRCCS Azienda Ospedaliero-Universitaria di Bologna
NCT05098002,Mindfulness Meditation,COMPLETED,NA,2022-01-02,57.0,Roswell Park Cancer Institute
NCT03372902,Development Of A Blood Test To Improve The Performance Of Breast Cancer Screening,COMPLETED,,2017-12-07,628.0,Memorial Sloan Kettering Cancer Center
NCT05577702,"Efficacy, Safety, and Pharmacodynamics of Tislelizumab Monotherapy and Multiple Tislelizumab-based Immunotherapy Combinations in Participants With Resectable Non-Small Cell Lung Cancer",COMPLETED,PHASE2,2023-03-08,121.0,BeiGene
NCT04667702,HPV Vaccine Hesitancy Among Indiana Youth With Cancer and Blood Diseases,COMPLETED,,2021-01-04,176.0,Indiana University
